<datapower-configuration version="3"><export-details><description>Exported Configuration</description><user>iomrohit</user><domain>POC-Domain</domain><comment/><product-id>719942X</product-id><product>XI50</product><display-product>XI52</display-product><model>DataPower XI50</model><display-model>DataPower XI52</display-model><device-name>HEIDPDEV</device-name><serial-number>7833181</serial-number><firmware-version>XI50.2018.4.1.4</firmware-version><display-firmware-version>XI52.2018.4.1.4</display-firmware-version><firmware-build>307525</firmware-build><delivery-type>LTS</delivery-type><firmware-timestamp>2019/03/26 16:28:27</firmware-timestamp><current-date>2019-11-25</current-date><current-time>16:19:19 IST</current-time><reset-date>2019-11-14</reset-date><reset-time>03:06:17 IST</reset-time><login-message/><custom-ui-file/><intrusion-detection>enable</intrusion-detection></export-details><interface-data><interface name="mgt0" type="Ethernet" vers="ipv4" ip-addr="10.94.36.108"/><interface name="eth11" type="Ethernet" vers="ipv4" ip-addr="10.94.2.5"/></interface-data><configuration domain="POC-Domain"><HTTPUserAgent name="default" intrinsic="true" xmlns:env="http://www.w3.org/2003/05/soap-envelope" xmlns:dp="http://www.datapower.com/schemas/management">
<mAdminState>enabled</mAdminState>
<UserSummary>Default User Agent</UserSummary>
<MaxRedirects>8</MaxRedirects>
<Timeout>300</Timeout></HTTPUserAgent><XMLManager name="default" intrinsic="true" xmlns:env="http://www.w3.org/2003/05/soap-envelope" xmlns:dp="http://www.datapower.com/schemas/management">
<mAdminState>enabled</mAdminState>
<UserSummary>Default-XML Manager</UserSummary>
<CacheSize>256</CacheSize>
<SHA1Caching>on</SHA1Caching>
<StaticDocumentCalls>on</StaticDocumentCalls>
<SearchResults>on</SearchResults>
<SupportTxWarn>off</SupportTxWarn>
<Memoization>on</Memoization>
<ParserLimitsBytesScanned>4194304</ParserLimitsBytesScanned>
<ParserLimitsElementDepth>512</ParserLimitsElementDepth>
<ParserLimitsAttributeCount>128</ParserLimitsAttributeCount>
<ParserLimitsMaxNodeSize>33554432</ParserLimitsMaxNodeSize>
<ParserLimitsForbidExternalReferences>on</ParserLimitsForbidExternalReferences>
<ParserLimitsExternalReferences>forbid</ParserLimitsExternalReferences>
<ParserLimitsMaxPrefixes>0</ParserLimitsMaxPrefixes>
<ParserLimitsMaxNamespaces>0</ParserLimitsMaxNamespaces>
<ParserLimitsMaxLocalNames>0</ParserLimitsMaxLocalNames>
<DocCacheMaxDocs>5000</DocCacheMaxDocs>
<DocCacheSize>0</DocCacheSize>
<DocMaxWrites>32768</DocMaxWrites>
<UserAgent class="HTTPUserAgent">default</UserAgent></XMLManager><MQQM name="EAI_DP_MQ01" xmlns:env="http://www.w3.org/2003/05/soap-envelope" xmlns:dp="http://www.datapower.com/schemas/management">
<mAdminState>enabled</mAdminState>
<UserSummary>DP QM 1</UserSummary>
<HostName>HEIMQDPP01(5522)</HostName>
<QMname>QMEIDP1</QMname>
<CCSID>819</CCSID>
<ChannelName>QMEIDP1.DP.SVRCONN</ChannelName>
<Heartbeat>300</Heartbeat>
<MaximumMessageSize>1048576</MaximumMessageSize>
<CacheTimeout>60</CacheTimeout>
<UnitsOfWork/>
<AutomaticBackout>off</AutomaticBackout>
<TotalConnectionLimit>250</TotalConnectionLimit>
<InitialConnections>1</InitialConnections>
<SharingConversations>0</SharingConversations>
<ShareSingleConversation>off</ShareSingleConversation>
<PermitInsecureServers>off</PermitInsecureServers>
<PermitSSLv3>off</PermitSSLv3>
<SSLcipher>none</SSLcipher>
<AutoRecovery>off</AutoRecovery>
<ConvertInput>on</ConvertInput>
<AutoRetry>on</AutoRetry>
<RetryInterval>3</RetryInterval>
<RetryAttempts>10</RetryAttempts>
<LongRetryInterval>1800</LongRetryInterval>
<ReportingInterval>1</ReportingInterval>
<AlternateUser>on</AlternateUser>
<PollingTolerance>10</PollingTolerance>
<XMLManager class="XMLManager">default</XMLManager>
<SSLClientConfigType>proxy</SSLClientConfigType></MQQM><MQSourceProtocolHandler name="CallBack_MVB_MQ_FSH_1" xmlns:env="http://www.w3.org/2003/05/soap-envelope" xmlns:dp="http://www.datapower.com/schemas/management">
<mAdminState>enabled</mAdminState>
<UserSummary>Callback queue for L9createPayment for MVB</UserSummary>
<QueueManager class="MQQM">EAI_DP_MQ01</QueueManager>
<GetQueue>MVB.APYMT.ESB.RPO.02</GetQueue>
<CodePage>0</CodePage>
<GetMessageOptions>1</GetMessageOptions>
<ParseProperties>off</ParseProperties>
<AsyncPut>off</AsyncPut>
<ExcludeHeaders>
<MQCIH>off</MQCIH>
<MQDLH>off</MQDLH>
<MQIIH>off</MQIIH>
<MQRFH>off</MQRFH>
<MQRFH2>off</MQRFH2>
<MQWIH>off</MQWIH></ExcludeHeaders>
<ConcurrentConnections>1</ConcurrentConnections>
<PollingInterval>30</PollingInterval>
<BatchSize>0</BatchSize>
<ContentTypeHeader>None</ContentTypeHeader>
<RetrieveBackoutSettings>off</RetrieveBackoutSettings>
<UseQMNameInURL>off</UseQMNameInURL></MQSourceProtocolHandler><MQQM name="EAI_DP_MQ02" xmlns:env="http://www.w3.org/2003/05/soap-envelope" xmlns:dp="http://www.datapower.com/schemas/management">
<mAdminState>enabled</mAdminState>
<HostName>10.94.134.49(5523)</HostName>
<QMname>QMEIDP2</QMname>
<CCSID>819</CCSID>
<ChannelName>QMEIDP2.DP.SVRCONN</ChannelName>
<Heartbeat>300</Heartbeat>
<MaximumMessageSize>1048576</MaximumMessageSize>
<CacheTimeout>300</CacheTimeout>
<UnitsOfWork/>
<AutomaticBackout>off</AutomaticBackout>
<TotalConnectionLimit>250</TotalConnectionLimit>
<InitialConnections>1</InitialConnections>
<SharingConversations>0</SharingConversations>
<ShareSingleConversation>off</ShareSingleConversation>
<PermitInsecureServers>off</PermitInsecureServers>
<PermitSSLv3>off</PermitSSLv3>
<SSLcipher>none</SSLcipher>
<AutoRecovery>off</AutoRecovery>
<ConvertInput>on</ConvertInput>
<AutoRetry>on</AutoRetry>
<RetryInterval>6</RetryInterval>
<RetryAttempts>10</RetryAttempts>
<LongRetryInterval>1800</LongRetryInterval>
<ReportingInterval>1</ReportingInterval>
<AlternateUser>on</AlternateUser>
<PollingTolerance>10</PollingTolerance>
<XMLManager class="XMLManager">default</XMLManager>
<SSLClientConfigType>proxy</SSLClientConfigType></MQQM><MQSourceProtocolHandler name="CallBack_MVB_MQ_FSH_2" xmlns:env="http://www.w3.org/2003/05/soap-envelope" xmlns:dp="http://www.datapower.com/schemas/management">
<mAdminState>enabled</mAdminState>
<UserSummary>Callback queue for L9createPayment for MVB</UserSummary>
<QueueManager class="MQQM">EAI_DP_MQ02</QueueManager>
<GetQueue>MVB.APYMT.ESB.RPO.02</GetQueue>
<CodePage>0</CodePage>
<GetMessageOptions>1</GetMessageOptions>
<ParseProperties>off</ParseProperties>
<AsyncPut>off</AsyncPut>
<ExcludeHeaders>
<MQCIH>off</MQCIH>
<MQDLH>off</MQDLH>
<MQIIH>off</MQIIH>
<MQRFH>off</MQRFH>
<MQRFH2>off</MQRFH2>
<MQWIH>off</MQWIH></ExcludeHeaders>
<ConcurrentConnections>1</ConcurrentConnections>
<PollingInterval>30</PollingInterval>
<BatchSize>0</BatchSize>
<ContentTypeHeader>None</ContentTypeHeader>
<RetrieveBackoutSettings>off</RetrieveBackoutSettings>
<UseQMNameInURL>off</UseQMNameInURL></MQSourceProtocolHandler><MQSourceProtocolHandler name="CallBack_SRCreate_OCRM_MQ_FSH_1" xmlns:env="http://www.w3.org/2003/05/soap-envelope" xmlns:dp="http://www.datapower.com/schemas/management">
<mAdminState>enabled</mAdminState>
<QueueManager class="MQQM">EAI_DP_MQ01</QueueManager>
<GetQueue>JSON.WRPR.CRM.SRCRT.RPO.01</GetQueue>
<CodePage>0</CodePage>
<GetMessageOptions>1</GetMessageOptions>
<ParseProperties>off</ParseProperties>
<AsyncPut>off</AsyncPut>
<ExcludeHeaders>
<MQCIH>off</MQCIH>
<MQDLH>off</MQDLH>
<MQIIH>off</MQIIH>
<MQRFH>off</MQRFH>
<MQRFH2>off</MQRFH2>
<MQWIH>off</MQWIH></ExcludeHeaders>
<ConcurrentConnections>1</ConcurrentConnections>
<PollingInterval>30</PollingInterval>
<BatchSize>0</BatchSize>
<ContentTypeHeader>None</ContentTypeHeader>
<RetrieveBackoutSettings>off</RetrieveBackoutSettings>
<UseQMNameInURL>off</UseQMNameInURL></MQSourceProtocolHandler><MQSourceProtocolHandler name="CallBack_SRCreate_OCRM_MQ_FSH_2" xmlns:env="http://www.w3.org/2003/05/soap-envelope" xmlns:dp="http://www.datapower.com/schemas/management">
<mAdminState>enabled</mAdminState>
<QueueManager class="MQQM">EAI_DP_MQ02</QueueManager>
<GetQueue>JSON.WRPR.CRM.SRCRT.RPO.01</GetQueue>
<CodePage>0</CodePage>
<GetMessageOptions>1</GetMessageOptions>
<ParseProperties>off</ParseProperties>
<AsyncPut>off</AsyncPut>
<ExcludeHeaders>
<MQCIH>off</MQCIH>
<MQDLH>off</MQDLH>
<MQIIH>off</MQIIH>
<MQRFH>off</MQRFH>
<MQRFH2>off</MQRFH2>
<MQWIH>off</MQWIH></ExcludeHeaders>
<ConcurrentConnections>1</ConcurrentConnections>
<PollingInterval>30</PollingInterval>
<BatchSize>0</BatchSize>
<ContentTypeHeader>None</ContentTypeHeader>
<RetrieveBackoutSettings>off</RetrieveBackoutSettings>
<UseQMNameInURL>off</UseQMNameInURL></MQSourceProtocolHandler><MQSourceProtocolHandler name="CallBack_SRCreate_SCRM_MQ_FSH_1" xmlns:env="http://www.w3.org/2003/05/soap-envelope" xmlns:dp="http://www.datapower.com/schemas/management">
<mAdminState>enabled</mAdminState>
<QueueManager class="MQQM">EAI_DP_MQ01</QueueManager>
<GetQueue>JSON.WRPR.SCRM.SRCRT.RPO.02</GetQueue>
<CodePage>0</CodePage>
<GetMessageOptions>1</GetMessageOptions>
<ParseProperties>off</ParseProperties>
<AsyncPut>off</AsyncPut>
<ExcludeHeaders>
<MQCIH>off</MQCIH>
<MQDLH>off</MQDLH>
<MQIIH>off</MQIIH>
<MQRFH>off</MQRFH>
<MQRFH2>off</MQRFH2>
<MQWIH>off</MQWIH></ExcludeHeaders>
<ConcurrentConnections>1</ConcurrentConnections>
<PollingInterval>30</PollingInterval>
<BatchSize>0</BatchSize>
<ContentTypeHeader>None</ContentTypeHeader>
<RetrieveBackoutSettings>off</RetrieveBackoutSettings>
<UseQMNameInURL>off</UseQMNameInURL></MQSourceProtocolHandler><MQSourceProtocolHandler name="CallBack_SRCreate_SCRM_MQ_FSH_2" xmlns:env="http://www.w3.org/2003/05/soap-envelope" xmlns:dp="http://www.datapower.com/schemas/management">
<mAdminState>enabled</mAdminState>
<QueueManager class="MQQM">EAI_DP_MQ02</QueueManager>
<GetQueue>JSON.WRPR.SCRM.SRCRT.RPO.02</GetQueue>
<CodePage>0</CodePage>
<GetMessageOptions>1</GetMessageOptions>
<ParseProperties>off</ParseProperties>
<AsyncPut>off</AsyncPut>
<ExcludeHeaders>
<MQCIH>off</MQCIH>
<MQDLH>off</MQDLH>
<MQIIH>off</MQIIH>
<MQRFH>off</MQRFH>
<MQRFH2>off</MQRFH2>
<MQWIH>off</MQWIH></ExcludeHeaders>
<ConcurrentConnections>1</ConcurrentConnections>
<PollingInterval>30</PollingInterval>
<BatchSize>0</BatchSize>
<ContentTypeHeader>None</ContentTypeHeader>
<RetrieveBackoutSettings>off</RetrieveBackoutSettings>
<UseQMNameInURL>off</UseQMNameInURL></MQSourceProtocolHandler><XMLManager name="CallBack_Async_MPG_XML_MGR" xmlns:env="http://www.w3.org/2003/05/soap-envelope" xmlns:dp="http://www.datapower.com/schemas/management">
<mAdminState>enabled</mAdminState>
<CacheSize>256</CacheSize>
<SHA1Caching>on</SHA1Caching>
<StaticDocumentCalls>on</StaticDocumentCalls>
<SearchResults>on</SearchResults>
<SupportTxWarn>off</SupportTxWarn>
<Memoization>on</Memoization>
<ParserLimitsBytesScanned>4194304</ParserLimitsBytesScanned>
<ParserLimitsElementDepth>512</ParserLimitsElementDepth>
<ParserLimitsAttributeCount>128</ParserLimitsAttributeCount>
<ParserLimitsMaxNodeSize>33554432</ParserLimitsMaxNodeSize>
<ParserLimitsForbidExternalReferences>on</ParserLimitsForbidExternalReferences>
<ParserLimitsExternalReferences>forbid</ParserLimitsExternalReferences>
<ParserLimitsMaxPrefixes>1024</ParserLimitsMaxPrefixes>
<ParserLimitsMaxNamespaces>1024</ParserLimitsMaxNamespaces>
<ParserLimitsMaxLocalNames>60000</ParserLimitsMaxLocalNames>
<DocCacheMaxDocs>5000</DocCacheMaxDocs>
<DocCacheSize>0</DocCacheSize>
<DocMaxWrites>32768</DocMaxWrites>
<UserAgent class="HTTPUserAgent">default</UserAgent></XMLManager><CryptoCertificate name="ESS_Cert_2019" xmlns:env="http://www.w3.org/2003/05/soap-envelope" xmlns:dp="http://www.datapower.com/schemas/management">
<mAdminState>enabled</mAdminState>
<Filename>cert:///ESS_Cert.cer</Filename>
<PasswordAlias>off</PasswordAlias>
<IgnoreExpiration>on</IgnoreExpiration></CryptoCertificate><CryptoCertificate name="ESS_Inter" xmlns:env="http://www.w3.org/2003/05/soap-envelope" xmlns:dp="http://www.datapower.com/schemas/management">
<mAdminState>enabled</mAdminState>
<Filename>cert:///ESS_Inter.cer</Filename>
<PasswordAlias>off</PasswordAlias>
<IgnoreExpiration>on</IgnoreExpiration></CryptoCertificate><CryptoCertificate name="ESS_Root" xmlns:env="http://www.w3.org/2003/05/soap-envelope" xmlns:dp="http://www.datapower.com/schemas/management">
<mAdminState>enabled</mAdminState>
<Filename>cert:///ESS_Root.cer</Filename>
<PasswordAlias>off</PasswordAlias>
<IgnoreExpiration>on</IgnoreExpiration></CryptoCertificate><CryptoValCred name="CallBack_Async_ValCred" xmlns:env="http://www.w3.org/2003/05/soap-envelope" xmlns:dp="http://www.datapower.com/schemas/management">
<mAdminState>enabled</mAdminState>
<Certificate class="CryptoCertificate">ESS_Cert_2019</Certificate>
<Certificate class="CryptoCertificate">ESS_Inter</Certificate>
<Certificate class="CryptoCertificate">ESS_Root</Certificate>
<CertValidationMode>legacy</CertValidationMode>
<UseCRL>on</UseCRL>
<RequireCRL>off</RequireCRL>
<CRLDPHandling>ignore</CRLDPHandling>
<InitialPolicySet>2.5.29.32.0</InitialPolicySet>
<ExplicitPolicy>off</ExplicitPolicy>
<CheckDates>on</CheckDates></CryptoValCred><CryptoProfile name="CallBack_Async_Crypto_Profile" xmlns:env="http://www.w3.org/2003/05/soap-envelope" xmlns:dp="http://www.datapower.com/schemas/management">
<mAdminState>enabled</mAdminState>
<ValCredential class="CryptoValCred">CallBack_Async_ValCred</ValCredential>
<Ciphers>HIGH:MEDIUM:!aNULL:!eNULL:!RC4:@STRENGTH</Ciphers>
<SSLOptions>
<OpenSSL-default>on</OpenSSL-default>
<Disable-SSLv2>on</Disable-SSLv2>
<Disable-SSLv3>on</Disable-SSLv3>
<Disable-TLSv1>off</Disable-TLSv1>
<Enable-Legacy-Renegotiation>off</Enable-Legacy-Renegotiation>
<Enable-Compression>off</Enable-Compression>
<Disable-TLSv1d1>off</Disable-TLSv1d1>
<Disable-TLSv1d2>off</Disable-TLSv1d2></SSLOptions>
<ClientCAList>off</ClientCAList></CryptoProfile><SSLProxyProfile name="CallBack_Async_SSL_PP" xmlns:env="http://www.w3.org/2003/05/soap-envelope" xmlns:dp="http://www.datapower.com/schemas/management">
<mAdminState>enabled</mAdminState>
<Direction>forward</Direction>
<ForwardCryptoProfile class="CryptoProfile">CallBack_Async_Crypto_Profile</ForwardCryptoProfile>
<ServerCaching>on</ServerCaching>
<SessionTimeout>300</SessionTimeout>
<CacheSize>20</CacheSize>
<ClientCache>on</ClientCache>
<ClientSessionTimeout>300</ClientSessionTimeout>
<ClientCacheSize>100</ClientCacheSize>
<ClientAuthOptional>off</ClientAuthOptional>
<ClientAuthAlwaysRequest>off</ClientAuthAlwaysRequest>
<PermitInsecureServers>off</PermitInsecureServers></SSLProxyProfile><Matching name="ALL" intrinsic="true" read-only="true" xmlns:env="http://www.w3.org/2003/05/soap-envelope" xmlns:dp="http://www.datapower.com/schemas/management">
<mAdminState>enabled</mAdminState>
<UserSummary>Default Match</UserSummary>
<MatchRules>
<Type>url</Type>
<HttpTag/>
<HttpValue/>
<Url>*</Url>
<ErrorCode/>
<XPATHExpression/>
<Method>default</Method>
<CustomMethod/></MatchRules>
<MatchWithPCRE>off</MatchWithPCRE>
<CombineWithOr>off</CombineWithOr></Matching><StylePolicyAction name="CallBack_Async_MPG_request_rule_xform_6" xmlns:env="http://www.w3.org/2003/05/soap-envelope" xmlns:dp="http://www.datapower.com/schemas/management">
<mAdminState>enabled</mAdminState>
<Type>xform</Type>
<Input>INPUT</Input>
<Transform>local:///CallBack_Async_MPG/Common/XSLT/SetServiceVariables.xsl</Transform>
<ParseSettingsReference>
<URL/>
<Literal/>
<Default/></ParseSettingsReference>
<ParseMetricsResultType>none</ParseMetricsResultType>
<TransformLanguage>none</TransformLanguage>
<ActionDebug persisted="false">off</ActionDebug>
<Output>NULL</Output>
<NamedInOutLocationType>default</NamedInOutLocationType>
<SSLClientConfigType>proxy</SSLClientConfigType>
<OutputType>default</OutputType>
<Transactional>off</Transactional>
<SOAPValidation>body</SOAPValidation>
<SQLSourceType>static</SQLSourceType>
<JWSVerifyStripSignature>on</JWSVerifyStripSignature>
<Asynchronous>off</Asynchronous>
<ResultsMode>first-available</ResultsMode>
<RetryCount>0</RetryCount>
<RetryInterval>1000</RetryInterval>
<MultipleOutputs>off</MultipleOutputs>
<IteratorType>XPATH</IteratorType>
<Timeout>0</Timeout>
<MethodRewriteType>GET</MethodRewriteType>
<MethodType>POST</MethodType>
<MethodType2>POST</MethodType2></StylePolicyAction><StylePolicyAction name="CallBack_Async_MPG_request_rule_xform_1" xmlns:env="http://www.w3.org/2003/05/soap-envelope" xmlns:dp="http://www.datapower.com/schemas/management">
<mAdminState>enabled</mAdminState>
<Type>xform</Type>
<Input>INPUT</Input>
<Transform>var://context/CallBackService/respAudit</Transform>
<ParseSettingsReference>
<URL/>
<Literal/>
<Default/></ParseSettingsReference>
<ParseMetricsResultType>none</ParseMetricsResultType>
<TransformLanguage>none</TransformLanguage>
<ActionDebug persisted="false">off</ActionDebug>
<Output>PIPE</Output>
<NamedInOutLocationType>default</NamedInOutLocationType>
<SSLClientConfigType>proxy</SSLClientConfigType>
<OutputType>default</OutputType>
<Transactional>off</Transactional>
<SOAPValidation>body</SOAPValidation>
<SQLSourceType>static</SQLSourceType>
<JWSVerifyStripSignature>on</JWSVerifyStripSignature>
<Asynchronous>off</Asynchronous>
<ResultsMode>first-available</ResultsMode>
<RetryCount>0</RetryCount>
<RetryInterval>1000</RetryInterval>
<MultipleOutputs>off</MultipleOutputs>
<IteratorType>XPATH</IteratorType>
<Timeout>0</Timeout>
<MethodRewriteType>GET</MethodRewriteType>
<MethodType>POST</MethodType>
<MethodType2>POST</MethodType2></StylePolicyAction><StylePolicyAction name="EAI_Audit_Policy_CallAudit_Rule_xform_0" xmlns:env="http://www.w3.org/2003/05/soap-envelope" xmlns:dp="http://www.datapower.com/schemas/management">
<mAdminState>enabled</mAdminState>
<Type>xform</Type>
<Input>INPUT</Input>
<Transform>local:///Common/EAI_CallAuditService.xsl</Transform>
<ParseSettingsReference>
<URL/>
<Literal/>
<Default/></ParseSettingsReference>
<ParseMetricsResultType>none</ParseMetricsResultType>
<TransformLanguage>none</TransformLanguage>
<ActionDebug persisted="false">off</ActionDebug>
<Output>NULL</Output>
<NamedInOutLocationType>default</NamedInOutLocationType>
<SSLClientConfigType>proxy</SSLClientConfigType>
<OutputType>default</OutputType>
<Transactional>off</Transactional>
<SOAPValidation>body</SOAPValidation>
<SQLSourceType>static</SQLSourceType>
<JWSVerifyStripSignature>on</JWSVerifyStripSignature>
<Asynchronous>off</Asynchronous>
<ResultsMode>first-available</ResultsMode>
<RetryCount>0</RetryCount>
<RetryInterval>1000</RetryInterval>
<MultipleOutputs>off</MultipleOutputs>
<IteratorType>XPATH</IteratorType>
<Timeout>0</Timeout>
<MethodRewriteType>GET</MethodRewriteType>
<MethodType>POST</MethodType>
<MethodType2>POST</MethodType2></StylePolicyAction><StylePolicyAction name="EAI_CallAudit_Req_Rule_results_output_0" xmlns:env="http://www.w3.org/2003/05/soap-envelope" xmlns:dp="http://www.datapower.com/schemas/management">
<mAdminState>enabled</mAdminState>
<Type>results</Type>
<Input>INPUT</Input>
<ParseSettingsReference>
<URL/>
<Literal/>
<Default/></ParseSettingsReference>
<ParseMetricsResultType>none</ParseMetricsResultType>
<TransformLanguage>none</TransformLanguage>
<ActionDebug persisted="false">off</ActionDebug>
<NamedInOutLocationType>default</NamedInOutLocationType>
<SSLClientConfigType>proxy</SSLClientConfigType>
<OutputType>default</OutputType>
<Transactional>off</Transactional>
<SOAPValidation>body</SOAPValidation>
<SQLSourceType>static</SQLSourceType>
<JWSVerifyStripSignature>on</JWSVerifyStripSignature>
<Asynchronous>off</Asynchronous>
<ResultsMode>first-available</ResultsMode>
<RetryCount>0</RetryCount>
<RetryInterval>1000</RetryInterval>
<MultipleOutputs>off</MultipleOutputs>
<IteratorType>XPATH</IteratorType>
<Timeout>0</Timeout>
<MethodRewriteType>GET</MethodRewriteType>
<MethodType>POST</MethodType>
<MethodType2>POST</MethodType2></StylePolicyAction><StylePolicyRule name="EAI_CallAudit_Req_Rule" xmlns:env="http://www.w3.org/2003/05/soap-envelope" xmlns:dp="http://www.datapower.com/schemas/management">
<mAdminState>enabled</mAdminState>
<Actions class="StylePolicyAction">EAI_Audit_Policy_CallAudit_Rule_xform_0</Actions>
<Actions class="StylePolicyAction">EAI_CallAudit_Req_Rule_results_output_0</Actions>
<Direction>request-rule</Direction>
<InputFormat>none</InputFormat>
<OutputFormat>none</OutputFormat>
<NonXMLProcessing>off</NonXMLProcessing>
<Unprocessed>off</Unprocessed></StylePolicyRule><StylePolicyAction name="CallBack_Async_MPG_request_rule_call_0" xmlns:env="http://www.w3.org/2003/05/soap-envelope" xmlns:dp="http://www.datapower.com/schemas/management">
<mAdminState>enabled</mAdminState>
<Type>call</Type>
<Input>PIPE</Input>
<ParseSettingsReference>
<URL/>
<Literal/>
<Default/></ParseSettingsReference>
<ParseMetricsResultType>none</ParseMetricsResultType>
<TransformLanguage>none</TransformLanguage>
<ActionDebug persisted="false">off</ActionDebug>
<Output>NULL</Output>
<NamedInOutLocationType>default</NamedInOutLocationType>
<SSLClientConfigType>proxy</SSLClientConfigType>
<Rule>EAI_CallAudit_Req_Rule</Rule>
<Transactional>off</Transactional>
<SOAPValidation>body</SOAPValidation>
<SQLSourceType>static</SQLSourceType>
<JWSVerifyStripSignature>on</JWSVerifyStripSignature>
<Asynchronous>off</Asynchronous>
<ResultsMode>first-available</ResultsMode>
<RetryCount>0</RetryCount>
<RetryInterval>1000</RetryInterval>
<MultipleOutputs>off</MultipleOutputs>
<IteratorType>XPATH</IteratorType>
<Timeout>0</Timeout>
<MethodRewriteType>GET</MethodRewriteType>
<MethodType>POST</MethodType>
<MethodType2>POST</MethodType2></StylePolicyAction><StylePolicyAction name="CallBack_Async_MPG_request_rule_fetch_0" xmlns:env="http://www.w3.org/2003/05/soap-envelope" xmlns:dp="http://www.datapower.com/schemas/management">
<mAdminState>enabled</mAdminState>
<Type>fetch</Type>
<Input>INPUT</Input>
<ParseSettingsReference>
<URL/>
<Literal/>
<Default/></ParseSettingsReference>
<ParseMetricsResultType>none</ParseMetricsResultType>
<TransformLanguage>none</TransformLanguage>
<ActionDebug persisted="false">off</ActionDebug>
<Output>CircleID_Lookup_Output</Output>
<NamedInOutLocationType>default</NamedInOutLocationType>
<Destination>local:///Common/CircleIdMapping_Lookup.xml</Destination>
<SSLClientConfigType>proxy</SSLClientConfigType>
<OutputType>default</OutputType>
<Transactional>off</Transactional>
<SOAPValidation>body</SOAPValidation>
<SQLSourceType>static</SQLSourceType>
<JWSVerifyStripSignature>on</JWSVerifyStripSignature>
<Asynchronous>off</Asynchronous>
<ResultsMode>first-available</ResultsMode>
<RetryCount>0</RetryCount>
<RetryInterval>1000</RetryInterval>
<MultipleOutputs>off</MultipleOutputs>
<IteratorType>XPATH</IteratorType>
<Timeout>0</Timeout>
<MethodRewriteType>GET</MethodRewriteType>
<MethodType>POST</MethodType>
<MethodType2>POST</MethodType2></StylePolicyAction><StylePolicyAction name="CallBack_Async_MPG_request_rule_fetch_1" xmlns:env="http://www.w3.org/2003/05/soap-envelope" xmlns:dp="http://www.datapower.com/schemas/management">
<mAdminState>enabled</mAdminState>
<Type>fetch</Type>
<Input>INPUT</Input>
<ParseSettingsReference>
<URL/>
<Literal/>
<Default/></ParseSettingsReference>
<ParseMetricsResultType>none</ParseMetricsResultType>
<TransformLanguage>none</TransformLanguage>
<ActionDebug persisted="false">off</ActionDebug>
<Output>Provider_Lookup_Output</Output>
<NamedInOutLocationType>default</NamedInOutLocationType>
<Destination>local:///CallBack_Async_MPG/Common/Config_Files/Provider_LookupConfig.xml</Destination>
<SSLClientConfigType>proxy</SSLClientConfigType>
<OutputType>default</OutputType>
<Transactional>off</Transactional>
<SOAPValidation>body</SOAPValidation>
<SQLSourceType>static</SQLSourceType>
<JWSVerifyStripSignature>on</JWSVerifyStripSignature>
<Asynchronous>off</Asynchronous>
<ResultsMode>first-available</ResultsMode>
<RetryCount>0</RetryCount>
<RetryInterval>1000</RetryInterval>
<MultipleOutputs>off</MultipleOutputs>
<IteratorType>XPATH</IteratorType>
<Timeout>0</Timeout>
<MethodRewriteType>GET</MethodRewriteType>
<MethodType>POST</MethodType>
<MethodType2>POST</MethodType2></StylePolicyAction><StylePolicyAction name="CallBack_Async_MPG_request_rule_xform_0" xmlns:env="http://www.w3.org/2003/05/soap-envelope" xmlns:dp="http://www.datapower.com/schemas/management">
<mAdminState>enabled</mAdminState>
<Type>xform</Type>
<Input>INPUT</Input>
<Transform>var://context/CallBackService/resXSLT</Transform>
<ParseSettingsReference>
<URL/>
<Literal/>
<Default/></ParseSettingsReference>
<ParseMetricsResultType>none</ParseMetricsResultType>
<TransformLanguage>none</TransformLanguage>
<ActionDebug persisted="false">off</ActionDebug>
<Output>request_transform</Output>
<NamedInOutLocationType>default</NamedInOutLocationType>
<SSLClientConfigType>proxy</SSLClientConfigType>
<OutputType>default</OutputType>
<Transactional>off</Transactional>
<SOAPValidation>body</SOAPValidation>
<SQLSourceType>static</SQLSourceType>
<JWSVerifyStripSignature>on</JWSVerifyStripSignature>
<Asynchronous>off</Asynchronous>
<ResultsMode>first-available</ResultsMode>
<RetryCount>0</RetryCount>
<RetryInterval>1000</RetryInterval>
<MultipleOutputs>off</MultipleOutputs>
<IteratorType>XPATH</IteratorType>
<Timeout>0</Timeout>
<MethodRewriteType>GET</MethodRewriteType>
<MethodType>POST</MethodType>
<MethodType2>POST</MethodType2></StylePolicyAction><StylePolicyAction name="CallBack_Async_MPG_request_rule_xform_3" xmlns:env="http://www.w3.org/2003/05/soap-envelope" xmlns:dp="http://www.datapower.com/schemas/management">
<mAdminState>enabled</mAdminState>
<Type>xform</Type>
<Input>INPUT</Input>
<Transform>var://context/CallBackService/respAudit</Transform>
<ParseSettingsReference>
<URL/>
<Literal/>
<Default/></ParseSettingsReference>
<ParseMetricsResultType>none</ParseMetricsResultType>
<TransformLanguage>none</TransformLanguage>
<ActionDebug persisted="false">off</ActionDebug>
<Output>PIPE</Output>
<NamedInOutLocationType>default</NamedInOutLocationType>
<SSLClientConfigType>proxy</SSLClientConfigType>
<OutputType>default</OutputType>
<Transactional>off</Transactional>
<SOAPValidation>body</SOAPValidation>
<SQLSourceType>static</SQLSourceType>
<JWSVerifyStripSignature>on</JWSVerifyStripSignature>
<Asynchronous>off</Asynchronous>
<ResultsMode>first-available</ResultsMode>
<RetryCount>0</RetryCount>
<RetryInterval>1000</RetryInterval>
<MultipleOutputs>off</MultipleOutputs>
<IteratorType>XPATH</IteratorType>
<Timeout>0</Timeout>
<MethodRewriteType>GET</MethodRewriteType>
<MethodType>POST</MethodType>
<MethodType2>POST</MethodType2></StylePolicyAction><StylePolicyAction name="CallBack_Async_MPG_request_rule_call_1" xmlns:env="http://www.w3.org/2003/05/soap-envelope" xmlns:dp="http://www.datapower.com/schemas/management">
<mAdminState>enabled</mAdminState>
<Type>call</Type>
<Input>PIPE</Input>
<ParseSettingsReference>
<URL/>
<Literal/>
<Default/></ParseSettingsReference>
<ParseMetricsResultType>none</ParseMetricsResultType>
<TransformLanguage>none</TransformLanguage>
<ActionDebug persisted="false">off</ActionDebug>
<Output>NULL</Output>
<NamedInOutLocationType>default</NamedInOutLocationType>
<SSLClientConfigType>proxy</SSLClientConfigType>
<Rule>EAI_CallAudit_Req_Rule</Rule>
<Transactional>off</Transactional>
<SOAPValidation>body</SOAPValidation>
<SQLSourceType>static</SQLSourceType>
<JWSVerifyStripSignature>on</JWSVerifyStripSignature>
<Asynchronous>off</Asynchronous>
<ResultsMode>first-available</ResultsMode>
<RetryCount>0</RetryCount>
<RetryInterval>1000</RetryInterval>
<MultipleOutputs>off</MultipleOutputs>
<IteratorType>XPATH</IteratorType>
<Timeout>0</Timeout>
<MethodRewriteType>GET</MethodRewriteType>
<MethodType>POST</MethodType>
<MethodType2>POST</MethodType2></StylePolicyAction><StylePolicyAction name="CallBack_Async_MPG_request_rule_xform_5" xmlns:env="http://www.w3.org/2003/05/soap-envelope" xmlns:dp="http://www.datapower.com/schemas/management">
<mAdminState>enabled</mAdminState>
<Type>xform</Type>
<Input>request_transform</Input>
<Transform>store:///jsonx2json.xsl</Transform>
<ParseSettingsReference>
<URL/>
<Literal/>
<Default/></ParseSettingsReference>
<ParseMetricsResultType>none</ParseMetricsResultType>
<TransformLanguage>none</TransformLanguage>
<ActionDebug persisted="false">off</ActionDebug>
<Output>json_out</Output>
<NamedInOutLocationType>default</NamedInOutLocationType>
<SSLClientConfigType>proxy</SSLClientConfigType>
<OutputType>default</OutputType>
<Transactional>off</Transactional>
<SOAPValidation>body</SOAPValidation>
<SQLSourceType>static</SQLSourceType>
<JWSVerifyStripSignature>on</JWSVerifyStripSignature>
<Asynchronous>off</Asynchronous>
<ResultsMode>first-available</ResultsMode>
<RetryCount>0</RetryCount>
<RetryInterval>1000</RetryInterval>
<MultipleOutputs>off</MultipleOutputs>
<IteratorType>XPATH</IteratorType>
<Timeout>0</Timeout>
<MethodRewriteType>GET</MethodRewriteType>
<MethodType>POST</MethodType>
<MethodType2>POST</MethodType2></StylePolicyAction><StylePolicyAction name="CallBack_Async_MPG_Policy_rule_0_results_0" xmlns:env="http://www.w3.org/2003/05/soap-envelope" xmlns:dp="http://www.datapower.com/schemas/management">
<mAdminState>enabled</mAdminState>
<Type>results</Type>
<Input>json_out</Input>
<ParseSettingsReference>
<URL/>
<Literal/>
<Default/></ParseSettingsReference>
<ParseMetricsResultType>none</ParseMetricsResultType>
<TransformLanguage>none</TransformLanguage>
<ActionDebug persisted="false">off</ActionDebug>
<NamedInOutLocationType>default</NamedInOutLocationType>
<SSLClientConfigType>proxy</SSLClientConfigType>
<OutputType>default</OutputType>
<Transactional>off</Transactional>
<SOAPValidation>body</SOAPValidation>
<SQLSourceType>static</SQLSourceType>
<JWSVerifyStripSignature>on</JWSVerifyStripSignature>
<Asynchronous>off</Asynchronous>
<ResultsMode>first-available</ResultsMode>
<RetryCount>0</RetryCount>
<RetryInterval>1000</RetryInterval>
<MultipleOutputs>off</MultipleOutputs>
<IteratorType>XPATH</IteratorType>
<Timeout>0</Timeout>
<MethodRewriteType>GET</MethodRewriteType>
<MethodType>POST</MethodType>
<MethodType2>POST</MethodType2></StylePolicyAction><StylePolicyRule name="CallBack_Async_MPG_request_rule" xmlns:env="http://www.w3.org/2003/05/soap-envelope" xmlns:dp="http://www.datapower.com/schemas/management">
<mAdminState>enabled</mAdminState>
<Actions class="StylePolicyAction">CallBack_Async_MPG_request_rule_xform_6</Actions>
<Actions class="StylePolicyAction">CallBack_Async_MPG_request_rule_xform_1</Actions>
<Actions class="StylePolicyAction">CallBack_Async_MPG_request_rule_call_0</Actions>
<Actions class="StylePolicyAction">CallBack_Async_MPG_request_rule_fetch_0</Actions>
<Actions class="StylePolicyAction">CallBack_Async_MPG_request_rule_fetch_1</Actions>
<Actions class="StylePolicyAction">CallBack_Async_MPG_request_rule_xform_0</Actions>
<Actions class="StylePolicyAction">CallBack_Async_MPG_request_rule_xform_3</Actions>
<Actions class="StylePolicyAction">CallBack_Async_MPG_request_rule_call_1</Actions>
<Actions class="StylePolicyAction">CallBack_Async_MPG_request_rule_xform_5</Actions>
<Actions class="StylePolicyAction">CallBack_Async_MPG_Policy_rule_0_results_0</Actions>
<Direction>request-rule</Direction>
<InputFormat>none</InputFormat>
<OutputFormat>none</OutputFormat>
<NonXMLProcessing>off</NonXMLProcessing>
<Unprocessed>off</Unprocessed></StylePolicyRule><StylePolicyAction name="CallBack_Async_MPG_error_rule_fetch_0" xmlns:env="http://www.w3.org/2003/05/soap-envelope" xmlns:dp="http://www.datapower.com/schemas/management">
<mAdminState>enabled</mAdminState>
<Type>fetch</Type>
<Input>INPUT</Input>
<ParseSettingsReference>
<URL/>
<Literal/>
<Default/></ParseSettingsReference>
<ParseMetricsResultType>none</ParseMetricsResultType>
<TransformLanguage>none</TransformLanguage>
<ActionDebug persisted="false">off</ActionDebug>
<Output>Exception_Lookup_Output</Output>
<NamedInOutLocationType>default</NamedInOutLocationType>
<Destination>local:///Common/ExceptionLookup.xml</Destination>
<SSLClientConfigType>proxy</SSLClientConfigType>
<OutputType>default</OutputType>
<Transactional>off</Transactional>
<SOAPValidation>body</SOAPValidation>
<SQLSourceType>static</SQLSourceType>
<JWSVerifyStripSignature>on</JWSVerifyStripSignature>
<Asynchronous>off</Asynchronous>
<ResultsMode>first-available</ResultsMode>
<RetryCount>0</RetryCount>
<RetryInterval>1000</RetryInterval>
<MultipleOutputs>off</MultipleOutputs>
<IteratorType>XPATH</IteratorType>
<Timeout>0</Timeout>
<MethodRewriteType>GET</MethodRewriteType>
<MethodType>POST</MethodType>
<MethodType2>POST</MethodType2></StylePolicyAction><StylePolicyAction name="CallBack_Async_MPG_error_rule_xform_10" xmlns:env="http://www.w3.org/2003/05/soap-envelope" xmlns:dp="http://www.datapower.com/schemas/management">
<mAdminState>enabled</mAdminState>
<Type>xform</Type>
<Input>INPUT</Input>
<Transform>var://context/CallBackService/ErrorresXSLT</Transform>
<ParseSettingsReference>
<URL/>
<Literal/>
<Default/></ParseSettingsReference>
<ParseMetricsResultType>none</ParseMetricsResultType>
<TransformLanguage>none</TransformLanguage>
<ActionDebug persisted="false">off</ActionDebug>
<Output>error_resp</Output>
<NamedInOutLocationType>default</NamedInOutLocationType>
<SSLClientConfigType>proxy</SSLClientConfigType>
<OutputType>default</OutputType>
<Transactional>off</Transactional>
<SOAPValidation>body</SOAPValidation>
<SQLSourceType>static</SQLSourceType>
<JWSVerifyStripSignature>on</JWSVerifyStripSignature>
<Asynchronous>off</Asynchronous>
<ResultsMode>first-available</ResultsMode>
<RetryCount>0</RetryCount>
<RetryInterval>1000</RetryInterval>
<MultipleOutputs>off</MultipleOutputs>
<IteratorType>XPATH</IteratorType>
<Timeout>0</Timeout>
<MethodRewriteType>GET</MethodRewriteType>
<MethodType>POST</MethodType>
<MethodType2>POST</MethodType2></StylePolicyAction><StylePolicyAction name="CallBack_Async_MPG_error_rule_xform_11" xmlns:env="http://www.w3.org/2003/05/soap-envelope" xmlns:dp="http://www.datapower.com/schemas/management">
<mAdminState>enabled</mAdminState>
<Type>xform</Type>
<Input>INPUT</Input>
<Transform>var://context/CallBackService/ErrorAuditXSLT</Transform>
<ParseSettingsReference>
<URL/>
<Literal/>
<Default/></ParseSettingsReference>
<ParseMetricsResultType>none</ParseMetricsResultType>
<TransformLanguage>none</TransformLanguage>
<ActionDebug persisted="false">off</ActionDebug>
<Output>PIPE</Output>
<NamedInOutLocationType>default</NamedInOutLocationType>
<SSLClientConfigType>proxy</SSLClientConfigType>
<OutputType>default</OutputType>
<Transactional>off</Transactional>
<SOAPValidation>body</SOAPValidation>
<SQLSourceType>static</SQLSourceType>
<JWSVerifyStripSignature>on</JWSVerifyStripSignature>
<Asynchronous>off</Asynchronous>
<ResultsMode>first-available</ResultsMode>
<RetryCount>0</RetryCount>
<RetryInterval>1000</RetryInterval>
<MultipleOutputs>off</MultipleOutputs>
<IteratorType>XPATH</IteratorType>
<Timeout>0</Timeout>
<MethodRewriteType>GET</MethodRewriteType>
<MethodType>POST</MethodType>
<MethodType2>POST</MethodType2></StylePolicyAction><StylePolicyAction name="CallBack_Async_MPG_error_rule_call_0" xmlns:env="http://www.w3.org/2003/05/soap-envelope" xmlns:dp="http://www.datapower.com/schemas/management">
<mAdminState>enabled</mAdminState>
<Type>call</Type>
<Input>PIPE</Input>
<ParseSettingsReference>
<URL/>
<Literal/>
<Default/></ParseSettingsReference>
<ParseMetricsResultType>none</ParseMetricsResultType>
<TransformLanguage>none</TransformLanguage>
<ActionDebug persisted="false">off</ActionDebug>
<Output>NULL</Output>
<NamedInOutLocationType>default</NamedInOutLocationType>
<SSLClientConfigType>proxy</SSLClientConfigType>
<Rule>EAI_CallAudit_Req_Rule</Rule>
<Transactional>off</Transactional>
<SOAPValidation>body</SOAPValidation>
<SQLSourceType>static</SQLSourceType>
<JWSVerifyStripSignature>on</JWSVerifyStripSignature>
<Asynchronous>off</Asynchronous>
<ResultsMode>first-available</ResultsMode>
<RetryCount>0</RetryCount>
<RetryInterval>1000</RetryInterval>
<MultipleOutputs>off</MultipleOutputs>
<IteratorType>XPATH</IteratorType>
<Timeout>0</Timeout>
<MethodRewriteType>GET</MethodRewriteType>
<MethodType>POST</MethodType>
<MethodType2>POST</MethodType2></StylePolicyAction><StylePolicyAction name="CallBack_Async_MPG_error_rule_xform_12" xmlns:env="http://www.w3.org/2003/05/soap-envelope" xmlns:dp="http://www.datapower.com/schemas/management">
<mAdminState>enabled</mAdminState>
<Type>xform</Type>
<Input>error_resp</Input>
<Transform>store:///jsonx2json.xsl</Transform>
<ParseSettingsReference>
<URL/>
<Literal/>
<Default/></ParseSettingsReference>
<ParseMetricsResultType>none</ParseMetricsResultType>
<TransformLanguage>none</TransformLanguage>
<ActionDebug persisted="false">off</ActionDebug>
<Output>json_error_out</Output>
<NamedInOutLocationType>default</NamedInOutLocationType>
<SSLClientConfigType>proxy</SSLClientConfigType>
<OutputType>default</OutputType>
<Transactional>off</Transactional>
<SOAPValidation>body</SOAPValidation>
<SQLSourceType>static</SQLSourceType>
<JWSVerifyStripSignature>on</JWSVerifyStripSignature>
<Asynchronous>off</Asynchronous>
<ResultsMode>first-available</ResultsMode>
<RetryCount>0</RetryCount>
<RetryInterval>1000</RetryInterval>
<MultipleOutputs>off</MultipleOutputs>
<IteratorType>XPATH</IteratorType>
<Timeout>0</Timeout>
<MethodRewriteType>GET</MethodRewriteType>
<MethodType>POST</MethodType>
<MethodType2>POST</MethodType2></StylePolicyAction><StylePolicyAction name="CallBack_Async_MPG_error_rule_results_0" xmlns:env="http://www.w3.org/2003/05/soap-envelope" xmlns:dp="http://www.datapower.com/schemas/management">
<mAdminState>enabled</mAdminState>
<Type>results</Type>
<Input>json_error_out</Input>
<ParseSettingsReference>
<URL/>
<Literal/>
<Default/></ParseSettingsReference>
<ParseMetricsResultType>none</ParseMetricsResultType>
<TransformLanguage>none</TransformLanguage>
<ActionDebug persisted="false">off</ActionDebug>
<NamedInOutLocationType>default</NamedInOutLocationType>
<SSLClientConfigType>proxy</SSLClientConfigType>
<OutputType>default</OutputType>
<Transactional>off</Transactional>
<SOAPValidation>body</SOAPValidation>
<SQLSourceType>static</SQLSourceType>
<JWSVerifyStripSignature>on</JWSVerifyStripSignature>
<Asynchronous>off</Asynchronous>
<ResultsMode>first-available</ResultsMode>
<RetryCount>0</RetryCount>
<RetryInterval>1000</RetryInterval>
<MultipleOutputs>off</MultipleOutputs>
<IteratorType>XPATH</IteratorType>
<Timeout>0</Timeout>
<MethodRewriteType>GET</MethodRewriteType>
<MethodType>POST</MethodType>
<MethodType2>POST</MethodType2></StylePolicyAction><StylePolicyRule name="CallBack_Async_MPG_error_rule" xmlns:env="http://www.w3.org/2003/05/soap-envelope" xmlns:dp="http://www.datapower.com/schemas/management">
<mAdminState>enabled</mAdminState>
<Actions class="StylePolicyAction">CallBack_Async_MPG_error_rule_fetch_0</Actions>
<Actions class="StylePolicyAction">CallBack_Async_MPG_error_rule_xform_10</Actions>
<Actions class="StylePolicyAction">CallBack_Async_MPG_error_rule_xform_11</Actions>
<Actions class="StylePolicyAction">CallBack_Async_MPG_error_rule_call_0</Actions>
<Actions class="StylePolicyAction">CallBack_Async_MPG_error_rule_xform_12</Actions>
<Actions class="StylePolicyAction">CallBack_Async_MPG_error_rule_results_0</Actions>
<Direction>error-rule</Direction>
<InputFormat>none</InputFormat>
<OutputFormat>none</OutputFormat>
<NonXMLProcessing>off</NonXMLProcessing>
<Unprocessed>off</Unprocessed></StylePolicyRule><StylePolicy name="CallBack_Async_MPG_Policy" xmlns:env="http://www.w3.org/2003/05/soap-envelope" xmlns:dp="http://www.datapower.com/schemas/management">
<mAdminState>enabled</mAdminState>
<DefStylesheetForSoap>store:///filter-reject-all.xsl</DefStylesheetForSoap>
<DefStylesheetForXsl>store:///identity.xsl</DefStylesheetForXsl>
<DefXQueryForJSON>store:///reject-all-json.xq</DefXQueryForJSON>
<PolicyMaps>
<Match class="Matching">ALL</Match>
<Rule class="StylePolicyRule">CallBack_Async_MPG_request_rule</Rule></PolicyMaps>
<PolicyMaps>
<Match class="Matching">ALL</Match>
<Rule class="StylePolicyRule">CallBack_Async_MPG_error_rule</Rule></PolicyMaps></StylePolicy><PolicyAttachments name="CallBack_Async_MPG" xmlns:env="http://www.w3.org/2003/05/soap-envelope" xmlns:dp="http://www.datapower.com/schemas/management">
<mAdminState>enabled</mAdminState>
<EnforcementMode>enforce</EnforcementMode>
<PolicyReferences>on</PolicyReferences>
<SLAEnforcementMode>allow-if-no-sla</SLAEnforcementMode></PolicyAttachments><MultiProtocolGateway name="CallBack_Async_MPG" xmlns:env="http://www.w3.org/2003/05/soap-envelope" xmlns:dp="http://www.datapower.com/schemas/management">
<mAdminState>enabled</mAdminState>
<UserSummary>CallBack_Async_MPG</UserSummary>
<Priority>normal</Priority>
<FrontProtocol class="MQSourceProtocolHandler">CallBack_MVB_MQ_FSH_1</FrontProtocol>
<FrontProtocol class="MQSourceProtocolHandler">CallBack_MVB_MQ_FSH_2</FrontProtocol>
<FrontProtocol class="MQSourceProtocolHandler">CallBack_SRCreate_OCRM_MQ_FSH_1</FrontProtocol>
<FrontProtocol class="MQSourceProtocolHandler">CallBack_SRCreate_OCRM_MQ_FSH_2</FrontProtocol>
<FrontProtocol class="MQSourceProtocolHandler">CallBack_SRCreate_SCRM_MQ_FSH_1</FrontProtocol>
<FrontProtocol class="MQSourceProtocolHandler">CallBack_SRCreate_SCRM_MQ_FSH_2</FrontProtocol>
<XMLManager class="XMLManager">CallBack_Async_MPG_XML_MGR</XMLManager>
<SSLClientConfigType>proxy</SSLClientConfigType>
<SSLProxy class="SSLProxyProfile">CallBack_Async_SSL_PP</SSLProxy>
<HeaderInjection>
<Direction>front</Direction>
<HeaderTag>Access-Control-Allow-Origin</HeaderTag>
<HeaderTagValue>https://*.vodafone.com</HeaderTagValue></HeaderInjection>
<HeaderInjection>
<Direction>front</Direction>
<HeaderTag>Cache-Control</HeaderTag>
<HeaderTagValue>no-store,no-cache</HeaderTagValue></HeaderInjection>
<HeaderInjection>
<Direction>front</Direction>
<HeaderTag>Server</HeaderTag>
<HeaderTagValue>**********</HeaderTagValue></HeaderInjection>
<HeaderInjection>
<Direction>front</Direction>
<HeaderTag>X-Content-Type-Options</HeaderTag>
<HeaderTagValue>nosniff</HeaderTagValue></HeaderInjection>
<HeaderInjection>
<Direction>front</Direction>
<HeaderTag>X-Powered-By</HeaderTag>
<HeaderTagValue>**********</HeaderTagValue></HeaderInjection>
<DefaultParamNamespace>http://www.datapower.com/param/config</DefaultParamNamespace>
<QueryParamNamespace>http://www.datapower.com/param/query</QueryParamNamespace>
<PropagateURI>on</PropagateURI>
<MonitorProcessingPolicy>terminate-at-first-throttle</MonitorProcessingPolicy>
<RequestAttachments>strip</RequestAttachments>
<ResponseAttachments>strip</ResponseAttachments>
<RequestAttachmentsFlowControl>off</RequestAttachmentsFlowControl>
<ResponseAttachmentsFlowControl>off</ResponseAttachmentsFlowControl>
<RootPartNotFirstAction>process-in-order</RootPartNotFirstAction>
<FrontAttachmentFormat>dynamic</FrontAttachmentFormat>
<BackAttachmentFormat>dynamic</BackAttachmentFormat>
<MIMEFrontHeaders>on</MIMEFrontHeaders>
<MIMEBackHeaders>on</MIMEBackHeaders>
<StreamOutputToBack>buffer-until-verification</StreamOutputToBack>
<StreamOutputToFront>buffer-until-verification</StreamOutputToFront>
<MaxMessageSize>0</MaxMessageSize>
<GatewayParserLimits>on</GatewayParserLimits>
<ParserLimitsElementDepth>512</ParserLimitsElementDepth>
<ParserLimitsAttributeCount>128</ParserLimitsAttributeCount>
<ParserLimitsMaxNodeSize>33554432</ParserLimitsMaxNodeSize>
<ParserLimitsForbidExternalReferences>on</ParserLimitsForbidExternalReferences>
<ParserLimitsExternalReferences>forbid</ParserLimitsExternalReferences>
<ParserLimitsMaxPrefixes>1024</ParserLimitsMaxPrefixes>
<ParserLimitsMaxNamespaces>1024</ParserLimitsMaxNamespaces>
<ParserLimitsMaxLocalNames>60000</ParserLimitsMaxLocalNames>
<ParserLimitsAttachmentByteCount>2000000000</ParserLimitsAttachmentByteCount>
<ParserLimitsAttachmentPackageByteCount>0</ParserLimitsAttachmentPackageByteCount>
<DebugMode persisted="false">off</DebugMode>
<DebuggerType>internal</DebuggerType>
<DebugHistory>25</DebugHistory>
<FlowControl>off</FlowControl>
<SOAPSchemaURL>store:///schemas/soap-envelope.xsd</SOAPSchemaURL>
<FrontTimeout>120</FrontTimeout>
<BackTimeout>120</BackTimeout>
<FrontPersistentTimeout>180</FrontPersistentTimeout>
<BackPersistentTimeout>180</BackPersistentTimeout>
<IncludeResponseTypeEncoding>off</IncludeResponseTypeEncoding>
<BackHTTPVersion>HTTP/1.1</BackHTTPVersion>
<PersistentConnections>on</PersistentConnections>
<LoopDetection>off</LoopDetection>
<DoHostRewriting>on</DoHostRewriting>
<DoChunkedUpload>off</DoChunkedUpload>
<ProcessHTTPErrors>on</ProcessHTTPErrors>
<HTTPClientIPLabel>X-Client-IP</HTTPClientIPLabel>
<HTTPLogCorIDLabel>X-Global-Transaction-ID</HTTPLogCorIDLabel>
<InOrderMode>
<Request>off</Request>
<Backend>off</Backend>
<Response>off</Response></InOrderMode>
<WSAMode>sync2sync</WSAMode>
<WSARequireAAA>on</WSARequireAAA>
<WSAStrip>on</WSAStrip>
<WSADefaultReplyTo>http://schemas.xmlsoap.org/ws/2004/08/addressing/role/anonymous</WSADefaultReplyTo>
<WSADefaultFaultTo>http://schemas.xmlsoap.org/ws/2004/08/addressing/role/anonymous</WSADefaultFaultTo>
<WSAForce>off</WSAForce>
<WSAGenStyle>sync</WSAGenStyle>
<WSAHTTPAsyncResponseCode>204</WSAHTTPAsyncResponseCode>
<WSATimeout>120</WSATimeout>
<WSRMEnabled>off</WSRMEnabled>
<WSRMSequenceExpiration>3600</WSRMSequenceExpiration>
<WSRMDestinationAcceptCreateSequence>on</WSRMDestinationAcceptCreateSequence>
<WSRMDestinationMaximumSequences>400</WSRMDestinationMaximumSequences>
<WSRMDestinationInOrder>off</WSRMDestinationInOrder>
<WSRMDestinationMaximumInOrderQueueLength>10</WSRMDestinationMaximumInOrderQueueLength>
<WSRMDestinationAcceptOffers>off</WSRMDestinationAcceptOffers>
<WSRMFrontForce>off</WSRMFrontForce>
<WSRMBackForce>off</WSRMBackForce>
<WSRMBackCreateSequence>off</WSRMBackCreateSequence>
<WSRMFrontCreateSequence>off</WSRMFrontCreateSequence>
<WSRMSourceMakeOffer>off</WSRMSourceMakeOffer>
<WSRMUsesSequenceSSL>off</WSRMUsesSequenceSSL>
<WSRMSourceMaximumSequences>400</WSRMSourceMaximumSequences>
<WSRMSourceRetransmissionInterval>10</WSRMSourceRetransmissionInterval>
<WSRMSourceExponentialBackoff>on</WSRMSourceExponentialBackoff>
<WSRMSourceMaximumRetransmissions>4</WSRMSourceMaximumRetransmissions>
<WSRMSourceMaximumQueueLength>30</WSRMSourceMaximumQueueLength>
<WSRMSourceRequestAckCount>1</WSRMSourceRequestAckCount>
<WSRMSourceInactivityClose>360</WSRMSourceInactivityClose>
<ForcePolicyExec>off</ForcePolicyExec>
<RewriteErrors>on</RewriteErrors>
<DelayErrors>on</DelayErrors>
<DelayErrorsDuration>1000</DelayErrorsDuration>
<RequestType>xml</RequestType>
<ResponseType>unprocessed</ResponseType>
<FollowRedirects>on</FollowRedirects>
<RewriteLocationHeader>off</RewriteLocationHeader>
<StylePolicy class="StylePolicy">CallBack_Async_MPG_Policy</StylePolicy>
<Type>dynamic-backend</Type>
<AllowCompression>off</AllowCompression>
<AllowCacheControlHeader>off</AllowCacheControlHeader>
<PolicyAttachments class="PolicyAttachments">CallBack_Async_MPG</PolicyAttachments>
<WSMAgentMonitor>off</WSMAgentMonitor>
<WSMAgentMonitorPCM>all-messages</WSMAgentMonitorPCM>
<ProxyHTTPResponse>off</ProxyHTTPResponse>
<TransactionTimeout>0</TransactionTimeout></MultiProtocolGateway></configuration><files><file name="cert:///ESS_Cert.cer" src="cert/ESS_Cert.cer" location="cert" key="true"/><file name="cert:///ESS_Inter.cer" src="cert/ESS_Inter.cer" location="cert" key="true"/><file name="cert:///ESS_Root.cer" src="cert/ESS_Root.cer" location="cert" key="true"/><file name="local:///CallBack_Async_MPG/Common/XSLT/SetServiceVariables.xsl" src="local/CallBack_Async_MPG/Common/XSLT/SetServiceVariables.xsl" location="local" hash="exIKKFGITakb9CMOooLBGExMIkI="/><file name="local:///Common/EAI_CallAuditService.xsl" src="local/Common/EAI_CallAuditService.xsl" location="local" hash="OLZmORAUOmZXZuGNQAbglMu3WiA="/><file name="local:///Common/CircleIdMapping_Lookup.xml" src="local/Common/CircleIdMapping_Lookup.xml" location="local" hash="9In98rwqseaaX0LmT4MS7f80+Ug="/><file name="local:///CallBack_Async_MPG/Common/Config_Files/Provider_LookupConfig.xml" src="local/CallBack_Async_MPG/Common/Config_Files/Provider_LookupConfig.xml" location="local" hash="fQ/cdbggoEPcDfbfTio7TjQnnx0="/><file name="store:///jsonx2json.xsl" src="store/jsonx2json.xsl" location="store" hash="w7UTEZMzgk1sM52XTQ7s+YkxRbk="/><file name="local:///Common/ExceptionLookup.xml" src="local/Common/ExceptionLookup.xml" location="local" hash="S83uiSv4bOggU1o5boOVad7Z8bk="/><file name="webgui:///clixform.xsl" src="dp-aux/clixform.xsl" location="dp-aux" internal="true" hash="JWCmCYFwjG0ku59O8LehfGCkiIM="/><file name="webgui:///SchemaUtil.xsl" src="dp-aux/SchemaUtil.xsl" location="dp-aux" internal="true" hash="ZnCYHBrcIPvfLAXYOIKIL0KXIbo="/><file name="webgui:///management.xsl" src="dp-aux/management.xsl" location="dp-aux" internal="true" hash="pi0c46mGrlbqTpsWjG3QUxFOCYU="/><file name="webgui:///map-dmz.xsl" src="dp-aux/map-dmz.xsl" location="dp-aux" internal="true" hash="S8LbpfukTeInHK2d6DnQfdiZmd4="/><file name="webgui:///drMgmt.xml" src="dp-aux/drMgmt.xml" location="dp-aux" internal="true" hash="d0x8wxc7kvZgSbCsNOnZ/cAIAno="/><file name="webgui:///basetypes.xml" src="dp-aux/basetypes.xml" location="dp-aux" internal="true" hash="HrLsg2FhC6fPlGYI25NijeP828E="/></files></datapower-configuration>